<?xml version="1.0" encoding="UTF-8"?>
<project-private xmlns="http://www.netbeans.org/ns/project-private/1">
    <editor-bookmarks xmlns="http://www.netbeans.org/ns/editor-bookmarks/2" lastBookmarkId="0"/>
    <open-files xmlns="http://www.netbeans.org/ns/projectui-open-files/2">
        <group>
            <file>file:/C:/xampp/htdocs/ahandmadestory/green-special/mail/contact_me.php</file>
            <file>file:/C:/xampp/htdocs/ahandmadestory/green-special/itemsfill.php</file>
            <file>file:/C:/xampp/htdocs/ahandmadestory/green-special/loginconf.php</file>
            <file>file:/C:/xampp/htdocs/ahandmadestory/main.php</file>
            <file>file:/C:/xampp/htdocs/ahandmadestory/green-special/signupconf.php</file>
            <file>file:/C:/xampp/htdocs/ahandmadestory/index.html</file>
            <file>file:/C:/xampp/htdocs/ahandmadestory/green-special/addprodconf.php</file>
            <file>file:/C:/xampp/htdocs/ahandmadestory/removecart.php</file>
        </group>
    </open-files>
</project-private>
